Model,RMSE
ARIMA,27977.77594923555
Prophet,28531.670591215683
LSTM,7426.242980714899
